{"name":"computerSupport","identifier":"YQTTM4FOCT","description":null,"parentIntentSignature":null,"sampleUtterances":[{"utterance":"My computer wont boot"},{"utterance":"i cant log in to my computer"},{"utterance":"my computer is slow"},{"utterance":"i need help with my computer"}],"intentConfirmationSetting":null,"intentClosingSetting":null,"inputContexts":null,"outputContexts":null,"kendraConfiguration":null,"dialogCodeHook":{"enabled":false},"fulfillmentCodeHook":{"postFulfillmentStatusSpecification":null,"fulfillmentUpdatesSpecification":null,"enabled":false},"slotPriorities":[]}