{"name":"passwordReset","identifier":"DUDV7WGA53","description":null,"parentIntentSignature":null,"sampleUtterances":[{"utterance":"i need to reset my password"},{"utterance":"my password has expired"},{"utterance":"i forgot my password"}],"intentConfirmationSetting":null,"intentClosingSetting":null,"inputContexts":null,"outputContexts":null,"kendraConfiguration":null,"dialogCodeHook":{"enabled":false},"fulfillmentCodeHook":{"postFulfillmentStatusSpecification":null,"fulfillmentUpdatesSpecification":null,"enabled":false},"slotPriorities":[]}